{
  "project_info": {
    "project_number": "157954087479",
    "firebase_url": "https://task-2-prototype.firebaseio.com",
    "project_id": "task-2-prototype",
    "storage_bucket": "task-2-prototype.appspot.com"
  },
  "client": [
    {
      "client_info": {
        "mobilesdk_app_id": "1:157954087479:android:323b5dcefe22f31087fdb2",
        "android_client_info": {
          "package_name": "fitness.app.myfitness"
        }
      },
      "oauth_client": [
        {
          "client_id": "157954087479-7gu01tq5b5lnkk606vhqi9cbls0lbpqq.apps.googleusercontent.com",
          "client_type": 3
        }
      ],
      "api_key": [
        {
          "current_key": "AIzaSyB18FahMfLeV3XuA8hcGVGm6nyAnvX3VW8"
        }
      ],
      "services": {
        "appinvite_service": {
          "other_platform_oauth_client": [
            {
              "client_id": "157954087479-7gu01tq5b5lnkk606vhqi9cbls0lbpqq.apps.googleusercontent.com",
              "client_type": 3
            }
          ]
        }
      }
    },
    {
      "client_info": {
        "mobilesdk_app_id": "1:157954087479:android:0286b151f41ed0ca87fdb2",
        "android_client_info": {
          "package_name": "com.example.task2prototype"
        }
      },
      "oauth_client": [
        {
          "client_id": "157954087479-m1g17h93ck74mpuaejcucf3lae71j70a.apps.googleusercontent.com",
          "client_type": 1,
          "android_info": {
            "package_name": "com.example.task2prototype",
            "certificate_hash": "56df550412c56a41f3d497ba1dd5edddb82d8304"
          }
        },
        {
          "client_id": "157954087479-7gu01tq5b5lnkk606vhqi9cbls0lbpqq.apps.googleusercontent.com",
          "client_type": 3
        }
      ],
      "api_key": [
        {
          "current_key": "AIzaSyB18FahMfLeV3XuA8hcGVGm6nyAnvX3VW8"
        }
      ],
      "services": {
        "appinvite_service": {
          "other_platform_oauth_client": [
            {
              "client_id": "157954087479-7gu01tq5b5lnkk606vhqi9cbls0lbpqq.apps.googleusercontent.com",
              "client_type": 3
            }
          ]
        }
      }
    }
  ],
  "configuration_version": "1"
}